{"val/accuracy":0.8873015873015873,"train/accuracy":0.9201269505421846,"_step":410,"_wandb":{"runtime":218},"val/auc":0.9378197982670868,"epoch":410,"_runtime":218,"train/loss":0.20250946568946043,"val/loss":0.32286750711500645,"_timestamp":1.7624685245987296e+09,"val/f1":0.9170237631476431,"train/f1":0.9404867474628043}