{"_timestamp":1.7624467312065403e+09,"_step":708,"_wandb":{"runtime":29},"_runtime":29,"epoch":708,"train_loss":0.25022292137145996}