{"_runtime":53,"_step":1499,"epoch":1499,"train_loss":0.24834716320037842,"_timestamp":1.7624467924016967e+09,"_wandb":{"runtime":53}}