{"train_loss":0.37185025215148926,"_timestamp":1.76244821453931e+09,"_wandb":{"runtime":133},"_runtime":133,"_step":1499,"epoch":1499}