{"train_loss":0.31039342340551507,"_timestamp":1.762463968004286e+09,"_step":54,"epoch":54,"_wandb":{"runtime":156},"_runtime":156}