{"_wandb":{"runtime":128},"_runtime":128,"_step":1499,"epoch":1499,"train_loss":0.340596467256546,"_timestamp":1.7624483777647238e+09}