{"_runtime":45,"epoch":67,"val/loss":0.3283414880434672,"train/accuracy":0.8478575184016824,"train/f1":0.8883960854264089,"_wandb":{"runtime":45},"train/loss":0.3418492242819121,"_timestamp":1.7624663014247723e+09,"_step":67,"val/accuracy":0.8575184016824395,"val/f1":0.8960490985807441,"val/auc":0.9188751777537741}