{"train_loss":0.29159119725227356,"_runtime":50,"_wandb":{"runtime":50},"_timestamp":1.7624484799257023e+09,"_step":1499,"epoch":1499}