{"val/f1":0.9004629629629629,"_wandb":{"runtime":42},"_runtime":42,"val/accuracy":0.8643533123028391,"_step":69,"train/accuracy":0.8455573080967402,"train/loss":0.358095546104327,"train/f1":0.8861434108527132,"epoch":69,"_timestamp":1.7624664211530895e+09,"val/auc":0.9181805287333747,"val/loss":0.33447985649108886}