{"epoch":1999,"train_loss":0.3068830072879791,"_timestamp":1.7624466660785403e+09,"_step":1999,"_wandb":{"runtime":74},"_runtime":74}