{"train_loss":0.3124401867389679,"_wandb":{"runtime":56},"_runtime":56,"_timestamp":1.7624472422470002e+09,"_step":1499,"epoch":1499}