{"epoch":1499,"train_loss":0.3325156569480896,"_timestamp":1.7624459330038786e+09,"_wandb":{"runtime":43},"_runtime":43,"_step":1499}