{"_runtime":58,"train_loss":0.30411195755004883,"_timestamp":1.7624471594269512e+09,"_step":1499,"epoch":1499,"_wandb":{"runtime":58}}