{"_runtime":71,"train_loss":0.2688571810722351,"_timestamp":1.7624502866706436e+09,"_step":1499,"epoch":1499,"_wandb":{"runtime":71}}