{"train/f1":0.9021928973413545,"epoch":85,"val/accuracy":0.8814814814814815,"_wandb":{"runtime":44},"train/loss":0.32122913325826324,"val/auc":0.9357595104687063,"_timestamp":1.7624671080848508e+09,"_runtime":44,"val/f1":0.9141104294478528,"_step":85,"val/loss":0.3042462207376957,"train/accuracy":0.8667019307061624}