{"_runtime":56,"_step":1499,"epoch":1499,"train_loss":0.2791103720664978,"_timestamp":1.762447441763728e+09,"_wandb":{"runtime":56}}