{"_step":39,"train/f1":0.8925787868519146,"train/accuracy":0.8541666666666666,"_wandb":{"runtime":14},"_runtime":14,"train/loss":0.3346387287523566,"val/f1":0.8935837245696401,"val/accuracy":0.8569926393270242,"epoch":39,"val/loss":0.33447345346212387,"_timestamp":1.7624663750889275e+09,"val/auc":0.9178629056210804}