{"train_loss":0.32313960790634155,"_wandb":{"runtime":54},"_runtime":54,"_timestamp":1.7624477248797667e+09,"_step":1499,"epoch":1499}