{"val/accuracy":0.8585699263932702,"train/accuracy":0.8500262881177708,"val/f1":0.8974456728936332,"epoch":87,"train/loss":0.3475068145815064,"train/f1":0.8897264907702715,"_wandb":{"runtime":52},"val/auc":0.9176968202532014,"_step":87,"_runtime":52,"_timestamp":1.7624663573358047e+09,"val/loss":0.3324476276834806}