{"_step":1499,"epoch":1499,"_wandb":{"runtime":31},"_runtime":31,"train_loss":0.3198911249637604,"_timestamp":1.762446134557705e+09}