{"_runtime":56,"epoch":1499,"train_loss":0.27014824748039246,"_timestamp":1.7624478358382325e+09,"_step":1499,"_wandb":{"runtime":56}}