{"_step":58,"val/auc":0.9104230085212704,"_timestamp":1.7624643531960442e+09,"train/accuracy":0.8690851735015773,"_runtime":202,"val/loss":0.35929480542739234,"train/f1":0.9034134988363072,"train/loss":0.321654842368194,"val/accuracy":0.8527865404837014,"epoch":58,"_wandb":{"runtime":202},"val/f1":0.8904538341158059}