{"epoch":1499,"train_loss":0.328713983297348,"_timestamp":1.7624457410588574e+09,"_wandb":{"runtime":128},"_runtime":128,"_step":1499}