{"train/accuracy":0.8914969584765935,"val/accuracy":0.8846560846560847,"_wandb":{"runtime":51},"_runtime":51,"epoch":93,"val/auc":0.9403281894032818,"train/f1":0.9191187342895165,"val/f1":0.9151750972762646,"val/loss":0.2875485345721245,"_step":93,"_timestamp":1.762467809889436e+09,"train/loss":0.26818395480513574}