{"epoch":321,"train_loss":0.3702743351459503,"_timestamp":1.7624463891768918e+09,"_step":321,"_wandb":{"runtime":29},"_runtime":29}