{"train_loss":0.2354166954755783,"_timestamp":1.7624455087290199e+09,"_wandb":{"runtime":86},"_runtime":86,"_step":1999,"epoch":1999}