{"train_loss":0.3125763237476349,"_timestamp":1.7624464551244912e+09,"_step":1999,"_wandb":{"runtime":45},"_runtime":45,"epoch":1999}