{"train_loss":0.3324478566646576,"_timestamp":1.7624469030136385e+09,"_wandb":{"runtime":48},"_runtime":48,"_step":1499,"epoch":1499}