{"_runtime":155,"_wandb":{"runtime":155},"_step":33,"epoch":33,"train_loss":0.3161340206861496,"_timestamp":1.7624641122086692e+09}