{"_timestamp":1.7624479854866576e+09,"_wandb":{"runtime":51},"_runtime":51,"_step":1499,"epoch":1499,"train_loss":0.32201725244522095}