{"_wandb":{"runtime":54},"_runtime":54,"train_loss":0.32049980759620667,"_timestamp":1.7624473445180256e+09,"_step":1499,"epoch":1499}