{"epoch":1499,"train_loss":0.2708755135536194,"_wandb":{"runtime":55},"_runtime":55,"_timestamp":1.762446977338635e+09,"_step":1499}