{"loss/val":0.34079688688119253,"val/f1":0.8992307692307693,"_step":50,"epoch":50,"_timestamp":1.7624648030230327e+09,"loss/train":0.3105102676053007,"train/loss":0.3105102676053007,"val/loss":0.34079688688119253,"train/accuracy":0.8732912723449001,"_runtime":177,"val/auc":0.9152358472838982,"_wandb":{"runtime":177},"train/f1":0.9060154041142634,"val/accuracy":0.8622502628811777}