{"train_loss":0.2830977737903595,"_timestamp":1.7624476235988777e+09,"_step":1499,"epoch":1499,"_wandb":{"runtime":55},"_runtime":55}