{"epoch":47,"train/accuracy":0.88938111610685,"val/auc":0.9370606149261618,"train/loss":0.27181137800216676,"val/loss":0.304728327319026,"_timestamp":1.762467177205019e+09,"val/accuracy":0.8825396825396825,"_runtime":15,"_step":47,"train/f1":0.9175740257180864,"_wandb":{"runtime":15},"val/f1":0.9140201394268009}