{"_timestamp":1.7624456023826509e+09,"_wandb":{"runtime":57},"_runtime":57,"_step":1499,"epoch":1499,"train_loss":0.21579043567180634}