{"_step":84,"epoch":84,"train_loss":0.31860351005271703,"_wandb":{"runtime":243},"_runtime":243,"_timestamp":1.7624637101428626e+09}