{"_wandb":{"runtime":35},"_runtime":35,"_step":1499,"epoch":1499,"train_loss":0.3252469599246979,"_timestamp":1.7624460524195485e+09}