{"train/f1":0.9180633147113594,"val/accuracy":0.8862433862433863,"train/loss":0.2728901127974192,"_runtime":22,"train/accuracy":0.8894472361809045,"_timestamp":1.7624671333112988e+09,"epoch":82,"_wandb":{"runtime":22},"val/loss":0.2893374674022198,"val/f1":0.9156531973322871,"val/auc":0.9387838993878389,"_step":82}