{"_step":68,"train/loss":0.3017214839657148,"train/f1":0.9085490962383976,"_timestamp":1.7624670607569735e+09,"epoch":68,"_wandb":{"runtime":24},"_runtime":24,"val/accuracy":0.8830687830687831,"val/loss":0.2865636497735977,"val/auc":0.9423329272011072,"train/accuracy":0.876223221370008,"val/f1":0.9141747572815534}