{"epoch":1499,"_runtime":54,"_wandb":{"runtime":54},"train_loss":0.288236528635025,"_timestamp":1.7624475290687025e+09,"_step":1499}