{"_wandb":{"runtime":202},"_runtime":202,"_step":8335,"epoch":8335,"train_loss":0.2928740382194519,"_timestamp":1.7624463653567095e+09}