{"_runtime":76,"epoch":1499,"train_loss":0.3563391864299774,"_timestamp":1.762450170923358e+09,"_step":1499,"_wandb":{"runtime":76}}